{
  "static": {
    "0.0": {
      "utility_mean": 0.6351895820825936,
      "utility_std": 0.02640112893063612,
      "rate_bps_mean_mean": 2352190.7976937247,
      "rate_bps_mean_std": 281154.5653705512,
      "rate_bps_total_mean": 94087631.907749,
      "rate_bps_total_std": 11246182.614822052,
      "p_d_mean_mean": 0.7183438293873414,
      "p_d_mean_std": 0.018181610566159023,
      "trust_mean": 1.0,
      "trust_std": 0.0,
      "eps_dt_mean": 0.09999999999999998,
      "eps_dt_std": 0.0,
      "energy_norm_mean": 1.0,
      "energy_norm_std": 0.0,
      "accuracy_mean_mean": 0.9809369081447843,
      "accuracy_mean_std": 0.00530061499236173,
      "latency_ms_mean": 37.856949639988976,
      "latency_ms_std": 0.6388823999941451
    },
    "0.005": {
      "utility_mean": 0.6210475981690575,
      "utility_std": 0.025205293884151936,
      "rate_bps_mean_mean": 2479719.6372202635,
      "rate_bps_mean_std": 37182.435222996864,
      "rate_bps_total_mean": 99188785.48881052,
      "rate_bps_total_std": 1487297.4089198858,
      "p_d_mean_mean": 0.6929078570726755,
      "p_d_mean_std": 0.04493376979833308,
      "trust_mean": 1.0,
      "trust_std": 0.0,
      "eps_dt_mean": 0.09999999999999998,
      "eps_dt_std": 0.0,
      "energy_norm_mean": 1.0,
      "energy_norm_std": 0.0,
      "accuracy_mean_mean": 0.9795551076529574,
      "accuracy_mean_std": 0.004098417819098477,
      "latency_ms_mean": 34.65440788666456,
      "latency_ms_std": 0.00482112666153256
    },
    "0.01": {
      "utility_mean": 0.5815527934111746,
      "utility_std": 0.06470009864203491,
      "rate_bps_mean_mean": 2568432.429291725,
      "rate_bps_mean_std": 125895.22729445854,
      "rate_bps_total_mean": 102737297.17166899,
      "rate_bps_total_std": 5035809.091778353,
      "p_d_mean_mean": 0.6923634612859418,
      "p_d_mean_std": 0.045478165585066954,
      "trust_mean": 1.0,
      "trust_std": 0.0,
      "eps_dt_mean": 0.09999999999999998,
      "eps_dt_std": 0.0,
      "energy_norm_mean": 1.0,
      "energy_norm_std": 0.0,
      "accuracy_mean_mean": 0.9809953558586147,
      "accuracy_mean_std": 0.0026581696134411192,
      "latency_ms_mean": 18.518290446665258,
      "latency_ms_std": 0.13990879333353767
    },
    "0.02": {
      "utility_mean": 0.5895161013146011,
      "utility_std": 0.06518880414167089,
      "rate_bps_mean_mean": 2655698.862203938,
      "rate_bps_mean_std": 139182.741343447,
      "rate_bps_total_mean": 106227954.4881575,
      "rate_bps_total_std": 5567309.653737895,
      "p_d_mean_mean": 0.7179133863440865,
      "p_d_mean_std": 0.03229461676638756,
      "trust_mean": 1.0,
      "trust_std": 0.0,
      "eps_dt_mean": 0.09999999999999996,
      "eps_dt_std": 0.0,
      "energy_norm_mean": 1.0,
      "energy_norm_std": 0.0,
      "accuracy_mean_mean": 0.9819648566362542,
      "accuracy_mean_std": 0.004253270259973685,
      "latency_ms_mean": 39.80262274998646,
      "latency_ms_std": 0.08627424999000866
    },
    "0.06": {
      "utility_mean": 0.4916951224359848,
      "utility_std": 0.018349045319249274,
      "rate_bps_mean_mean": 2465886.238564006,
      "rate_bps_mean_std": 272545.06195074646,
      "rate_bps_total_mean": 98635449.54256026,
      "rate_bps_total_std": 10901802.478029877,
      "p_d_mean_mean": 0.5485420285754662,
      "p_d_mean_std": 0.09054028319454316,
      "trust_mean": 1.0,
      "trust_std": 0.0,
      "eps_dt_mean": 0.09999999999999996,
      "eps_dt_std": 0.0,
      "energy_norm_mean": 1.0,
      "energy_norm_std": 0.0,
      "accuracy_mean_mean": 0.9362777072828916,
      "accuracy_mean_std": 0.02984602267920916,
      "latency_ms_mean": 39.91400235000052,
      "latency_ms_std": 0.08056511666912414
    },
    "0.08": {
      "utility_mean": 0.4916951224359848,
      "utility_std": 0.018349045319249274,
      "rate_bps_mean_mean": 2465886.238564006,
      "rate_bps_mean_std": 272545.06195074646,
      "rate_bps_total_mean": 98635449.54256026,
      "rate_bps_total_std": 10901802.478029877,
      "p_d_mean_mean": 0.5485420285754662,
      "p_d_mean_std": 0.09054028319454316,
      "trust_mean": 1.0,
      "trust_std": 0.0,
      "eps_dt_mean": 0.09999999999999996,
      "eps_dt_std": 0.0,
      "energy_norm_mean": 1.0,
      "energy_norm_std": 0.0,
      "accuracy_mean_mean": 0.9362777072828916,
      "accuracy_mean_std": 0.02984602267920916,
      "latency_ms_mean": 37.94106595000434,
      "latency_ms_std": 1.6050557833257988
    }
  },
  "dt_only": {
    "0.0": {
      "utility_mean": 0.6569219519679027,
      "utility_std": 0.033134127991683526,
      "rate_bps_mean_mean": 2552247.511990659,
      "rate_bps_mean_std": 370353.0047427949,
      "rate_bps_total_mean": 102089900.47962636,
      "rate_bps_total_std": 14814120.189711794,
      "p_d_mean_mean": 0.7415259035507599,
      "p_d_mean_std": 0.01934153670651312,
      "trust_mean": 0.5377010485627396,
      "trust_std": 8.660518122105554e-05,
      "eps_dt_mean": 0.002071844327962287,
      "eps_dt_std": 4.142060637836562e-05,
      "energy_norm_mean": 0.9905150843741738,
      "energy_norm_std": 0.00037916271922749933,
      "accuracy_mean_mean": 0.9859916400577536,
      "accuracy_mean_std": 0.0005193939750861021,
      "latency_ms_mean": 327.89782827333806,
      "latency_ms_std": 22.561793899997923
    },
    "0.005": {
      "utility_mean": 0.6412807248161748,
      "utility_std": 0.01749290083995575,
      "rate_bps_mean_mean": 2375155.3642161894,
      "rate_bps_mean_std": 193260.85696832556,
      "rate_bps_total_mean": 95006214.56864756,
      "rate_bps_total_std": 7730434.278733015,
      "p_d_mean_mean": 0.7336391920635519,
      "p_d_mean_std": 0.011454825219304965,
      "trust_mean": 0.5355137818371496,
      "trust_std": 0.002273871906810887,
      "eps_dt_mean": 0.0020470082725594,
      "eps_dt_std": 1.6584550975478826e-05,
      "energy_norm_mean": 0.9902176013124837,
      "energy_norm_std": 8.167965753758111e-05,
      "accuracy_mean_mean": 0.9852916769890729,
      "accuracy_mean_std": 0.00018056909359470685,
      "latency_ms_mean": 310.6248668733376,
      "latency_ms_std": 2.550661366685688
    },
    "0.01": {
      "utility_mean": 0.6412807248161748,
      "utility_std": 0.01749290083995575,
      "rate_bps_mean_mean": 2375155.3642161894,
      "rate_bps_mean_std": 193260.85696832556,
      "rate_bps_total_mean": 95006214.56864756,
      "rate_bps_total_std": 7730434.278733015,
      "p_d_mean_mean": 0.7336391920635519,
      "p_d_mean_std": 0.011454825219304965,
      "trust_mean": 0.5355137818371496,
      "trust_std": 0.002273871906810887,
      "eps_dt_mean": 0.0020470082725594,
      "eps_dt_std": 1.6584550975478826e-05,
      "energy_norm_mean": 0.9902176013124837,
      "energy_norm_std": 8.167965753758111e-05,
      "accuracy_mean_mean": 0.9852916769890729,
      "accuracy_mean_std": 0.00018056909359470685,
      "latency_ms_mean": 174.0564327666728,
      "latency_ms_std": 27.02780880665614
    },
    "0.02": {
      "utility_mean": 0.5541728161484354,
      "utility_std": 0.07027487160947835,
      "rate_bps_mean_mean": 2152975.4486351693,
      "rate_bps_mean_std": 44159.19909473765,
      "rate_bps_total_mean": 86119017.94540675,
      "rate_bps_total_std": 1766367.9637895077,
      "p_d_mean_mean": 0.7363662538191939,
      "p_d_mean_std": 0.018267240001884566,
      "trust_mean": 0.2925728373460341,
      "trust_std": 0.2418654594404367,
      "eps_dt_mean": 0.04941224585126898,
      "eps_dt_std": 0.047388655813673596,
      "energy_norm_mean": 0.9902864652501577,
      "energy_norm_std": 0.000366405707248163,
      "accuracy_mean_mean": 0.9868125091265224,
      "accuracy_mean_std": 0.0005573287746944988,
      "latency_ms_mean": 446.35620141666936,
      "latency_ms_std": 3.5149713500269684
    },
    "0.06": {
      "utility_mean": 0.4803758845185632,
      "utility_std": 0.03724020636905384,
      "rate_bps_mean_mean": 1800517.0115634701,
      "rate_bps_mean_std": 159294.55191395385,