{
  "static": {
    "utility_mean": 0.2394727407718325,
    "utility_std": 0.033923000393512294,
    "rate_bps_mean_mean": 1705189.8755564303,
    "rate_bps_mean_std": 186680.87095427237,
    "rate_bps_total_mean": 68207595.02225721,
    "rate_bps_total_std": 7467234.8381709,
    "p_d_mean_mean": 0.002069217367560164,
    "p_d_mean_std": 0.0007399501112383489,
    "trust_mean": 1.0,
    "trust_std": 0.0,
    "eps_dt_mean": 0.1,
    "eps_dt_std": 0.0,
    "energy_norm_mean": 1.0,
    "energy_norm_std": 0.0,
    "accuracy_mean_mean": 0.08607946704668118,
    "accuracy_mean_std": 0.04637911536793369,
    "latency_ms_mean": 10.048714144444501,
    "latency_ms_std": 0.10160183728430477,
    "simulator_wall_clock_ms_mean": 10.048714144444501,
    "simulator_wall_clock_ms_std": 0.10160183728430477,
    "trust_semantics": "nominal_default"
  },
  "reactive": {
    "utility_mean": 0.23582496923677315,
    "utility_std": 0.033131956467945485,
    "rate_bps_mean_mean": 1688224.3514723212,
    "rate_bps_mean_std": 185181.0230776804,
    "rate_bps_total_mean": 67528974.05889286,
    "rate_bps_total_std": 7407240.923107214,
    "p_d_mean_mean": 0.0016399247668054783,
    "p_d_mean_std": 0.0004206483911390541,
    "trust_mean": 1.0,
    "trust_std": 0.0,
    "eps_dt_mean": 0.1,
    "eps_dt_std": 0.0,
    "energy_norm_mean": 0.9849999999999998,
    "energy_norm_std": 0.0,
    "accuracy_mean_mean": 0.05513565921172429,
    "accuracy_mean_std": 0.03669808623439297,
    "latency_ms_mean": 10.053690688887148,
    "latency_ms_std": 0.14656693496522738,
    "simulator_wall_clock_ms_mean": 10.053690688887148,
    "simulator_wall_clock_ms_std": 0.14656693496522738,
    "trust_semantics": "nominal_default"
  },
  "dt_only": {
    "utility_mean": 0.24981126306668905,
    "utility_std": 0.02174612704209914,
    "rate_bps_mean_mean": 1426341.7017213493,
    "rate_bps_mean_std": 249976.23736743277,
    "rate_bps_total_mean": 57053668.068853974,
    "rate_bps_total_std": 9999049.494697317,
    "p_d_mean_mean": 0.0028215998394166128,
    "p_d_mean_std": 0.0009910600306155298,
    "trust_mean": 0.3001955434434366,
    "trust_std": 0.03727558287430453,
    "eps_dt_mean": 0.016372332213187662,
    "eps_dt_std": 0.010343543989874544,
    "energy_norm_mean": 0.9895732330047055,
    "energy_norm_std": 0.0005157069026517001,
    "accuracy_mean_mean": 0.12275950030112029,
    "accuracy_mean_std": 0.04492420885382443,
    "latency_ms_mean": 50.31889615111064,
    "latency_ms_std": 2.832704272601491,
    "simulator_wall_clock_ms_mean": 50.31889615111064,
    "simulator_wall_clock_ms_std": 2.832704272601491,
    "trust_semantics": "active"
  },
  "dt_qa": {
    "utility_mean": 0.23802367019893014,
    "utility_std": 0.0335635081977672,
    "rate_bps_mean_mean": 1345914.0419677375,
    "rate_bps_mean_std": 274227.08020275575,
    "rate_bps_total_mean": 53836561.67870951,
    "rate_bps_total_std": 10969083.208110232,
    "p_d_mean_mean": 0.0031663363213909634,
    "p_d_mean_std": 0.001453120698129097,
    "trust_mean": 1.0,
    "trust_std": 0.0,
    "eps_dt_mean": 0.04732385611188889,
    "eps_dt_std": 0.008548210351009462,
    "energy_norm_mean": 0.9888310818713077,
    "energy_norm_std": 0.0024405994681815425,
    "accuracy_mean_mean": 0.12627169483067027,
    "accuracy_mean_std": 0.05432639019142486,
    "latency_ms_mean": 28.882366240000767,
    "latency_ms_std": 2.4774617997072452,
    "simulator_wall_clock_ms_mean": 28.882366240000767,
    "simulator_wall_clock_ms_std": 2.4774617997072452,
    "trust_semantics": "nominal_default"
  },
  "full": {
    "utility_mean": 0.24747422172978015,
    "utility_std": 0.034965949598421066,
    "rate_bps_mean_mean": 1506090.6103741894,
    "rate_bps_mean_std": 275623.12254238833,
    "rate_bps_total_mean": 60243624.41496757,
    "rate_bps_total_std": 11024924.901695527,
    "p_d_mean_mean": 0.002617075120278168,
    "p_d_mean_std": 0.0011854556904676281,
    "trust_mean": 0.23587693951594177,
    "trust_std": 0.045638313753675046,
    "eps_dt_mean": 0.04732385611188889,
    "eps_dt_std": 0.008548210351009462,
    "energy_norm_mean": 0.9981137237325269,
    "energy_norm_std": 0.0009618415409779518,
    "accuracy_mean_mean": 0.1068013386694707,
    "accuracy_mean_std": 0.05145427768309234,
    "latency_ms_mean": 28.86582025111036,
    "latency_ms_std": 3.187057518282867,
    "simulator_wall_clock_ms_mean": 28.86582025111036,
    "simulator_wall_clock_ms_std": 3.187057518282867,
    "trust_semantics": "active"
  },
  "dt_trust": {
    "utility_mean": 0.25790553719801546,
    "utility_std": 0.02034494755386127,
    "rate_bps_mean_mean": 1571740.5203656345,
    "rate_bps_mean_std": 268400.7777134005,
    "rate_bps_total_mean": 62869620.81462538,
    "rate_bps_total_std": 10736031.108536014,
    "p_d_mean_mean": 0.0023591675846500577,
    "p_d_mean_std": 0.000754365552590576,
    "trust_mean": 0.3001955434434366,
    "trust_std": 0.03727558287430453,
    "eps_dt_mean": 0.016372332213187662,
    "eps_dt_std": 0.010343543989874544,
    "energy_norm_mean": 0.9978312466575667,
    "energy_norm_std": 0.0003167366686915424,
    "accuracy_mean_mean": 0.10085456539218404,
    "accuracy_mean_std": 0.04378061230956459,
    "latency_ms_mean": 54.45795850000422,
    "latency_ms_std": 8.703525717538696,
    "simulator_wall_clock_ms_mean": 54.45795850000422,
    "simulator_wall_clock_ms_std": 8.703525717538696,
    "trust_semantics": "active"
  }
}