{
  "static": {
    "utility_mean": 0.45850384376390196,
    "utility_std": 0.05451891404891682,
    "rate_bps_mean_mean": 2296023.894650057,
    "rate_bps_mean_std": 165368.67655128287,
    "rate_bps_total_mean": 91840955.78600228,
    "rate_bps_total_std": 6614747.062051304,
    "p_d_mean_mean": 0.5132761730679832,
    "p_d_mean_std": 0.13608559719906588,
    "trust_mean": 1.0,
    "trust_std": 0.0,
    "eps_dt_mean": 0.1,
    "eps_dt_std": 0.0,
    "energy_norm_mean": 1.0,
    "energy_norm_std": 0.0,
    "accuracy_mean_mean": 0.9269351753305031,
    "accuracy_mean_std": 0.04661677024151972,
    "latency_ms_mean": 56.52893989500143,
    "latency_ms_std": 5.3650164450002045,
    "simulator_wall_clock_ms_mean": 56.52893989500143,
    "simulator_wall_clock_ms_std": 5.3650164450002045,
    "trust_semantics": "nominal_default"
  },
  "reactive": {
    "utility_mean": 0.4473703419638984,
    "utility_std": 0.05487427167850059,
    "rate_bps_mean_mean": 2279869.8003993896,
    "rate_bps_mean_std": 164234.6139323837,
    "rate_bps_total_mean": 91194792.01597556,
    "rate_bps_total_std": 6569384.55729536,
    "p_d_mean_mean": 0.4637445818364286,
    "p_d_mean_std": 0.1310822446390797,
    "trust_mean": 1.0,
    "trust_std": 0.0,
    "eps_dt_mean": 0.1,
    "eps_dt_std": 0.0,
    "energy_norm_mean": 0.9849999999999999,
    "energy_norm_std": 0.0,
    "accuracy_mean_mean": 0.9067227766782504,
    "accuracy_mean_std": 0.057839154407296256,
    "latency_ms_mean": 58.02133407500037,
    "latency_ms_std": 3.901615295001754,
    "simulator_wall_clock_ms_mean": 58.02133407500037,
    "simulator_wall_clock_ms_std": 3.901615295001754,
    "trust_semantics": "nominal_default"
  },
  "dt_only": {
    "utility_mean": 0.48562084578568243,
    "utility_std": 0.036698920520865375,
    "rate_bps_mean_mean": 2022832.9234825142,
    "rate_bps_mean_std": 253648.41703302204,
    "rate_bps_total_mean": 80913316.93930057,
    "rate_bps_total_std": 10145936.681320876,
    "p_d_mean_mean": 0.7068577601228557,
    "p_d_mean_std": 0.010553269402114207,
    "trust_mean": 0.11915274181062603,
    "trust_std": 0.038091837057300945,
    "eps_dt_mean": 0.07895409453254858,
    "eps_dt_std": 0.01074677546446693,
    "energy_norm_mean": 0.99075928123579,
    "energy_norm_std": 0.00030828798651533207,
    "accuracy_mean_mean": 0.9802978600712192,
    "accuracy_mean_std": 0.0022983904329386684,
    "latency_ms_mean": 565.0064202500013,
    "latency_ms_std": 49.021350635713816,
    "simulator_wall_clock_ms_mean": 565.0064202500013,
    "simulator_wall_clock_ms_std": 49.021350635713816,
    "trust_semantics": "active"
  },
  "dt_qa": {
    "utility_mean": 0.6079900993711477,
    "utility_std": 0.07673382595786898,
    "rate_bps_mean_mean": 2230799.3383712084,
    "rate_bps_mean_std": 674567.8747774063,
    "rate_bps_total_mean": 89231973.53484835,
    "rate_bps_total_std": 26982714.991096254,
    "p_d_mean_mean": 0.7228694969478276,
    "p_d_mean_std": 0.012309057915905641,
    "trust_mean": 1.0,
    "trust_std": 0.0,
    "eps_dt_mean": 0.01816499830631812,
    "eps_dt_std": 0.016141653821578995,
    "energy_norm_mean": 0.9829852552650361,
    "energy_norm_std": 0.0032191249888489093,
    "accuracy_mean_mean": 0.979512514255658,
    "accuracy_mean_std": 0.003312664321626857,
    "latency_ms_mean": 318.2100398666715,
    "latency_ms_std": 64.93766168332986,
    "simulator_wall_clock_ms_mean": 318.2100398666715,
    "simulator_wall_clock_ms_std": 64.93766168332986,
    "trust_semantics": "nominal_default"
  },
  "full": {
    "utility_mean": 0.6216878838537914,
    "utility_std": 0.08265838721160812,
    "rate_bps_mean_mean": 2419628.3558823452,
    "rate_bps_mean_std": 720114.8565948582,
    "rate_bps_total_mean": 96785134.2352938,
    "rate_bps_total_std": 28804594.263794325,
    "p_d_mean_mean": 0.7205824716386853,
    "p_d_mean_std": 0.023802321841472462,
    "trust_mean": 0.44338532817881693,
    "trust_std": 0.09884732128438373,
    "eps_dt_mean": 0.01816499830631812,
    "eps_dt_std": 0.016141653821578995,
    "energy_norm_mean": 0.9928768016200056,
    "energy_norm_std": 0.0033136327641747343,
    "accuracy_mean_mean": 0.979448199863119,
    "accuracy_mean_std": 0.005000701190030266,
    "latency_ms_mean": 249.02758589167223,
    "latency_ms_std": 2.536361524997247,
    "simulator_wall_clock_ms_mean": 249.02758589167223,
    "simulator_wall_clock_ms_std": 2.536361524997247,
    "trust_semantics": "active"
  },
  "dt_trust": {
    "utility_mean": 0.5118741318856519,
    "utility_std": 0.03905051919821644,
    "rate_bps_mean_mean": 2049544.6033017954,
    "rate_bps_mean_std": 316442.96726717777,
    "rate_bps_total_mean": 81981784.13207184,
    "rate_bps_total_std": 12657718.690687107,
    "p_d_mean_mean": 0.6977965578945021,
    "p_d_mean_std": 0.017510935719315387,
    "trust_mean": 0.1878997599861063,
    "trust_std": 0.10207659076876015,
    "eps_dt_mean": 0.06263568580566012,
    "eps_dt_std": 0.024689600685538795,
    "energy_norm_mean": 0.9990657100942354,
    "energy_norm_std": 0.0007973755335112835,
    "accuracy_mean_mean": 0.9795590628604561,
    "accuracy_mean_std": 0.0023306584717077824,
    "latency_ms_mean": 450.98459187619636,
    "latency_ms_std": 12.221964383547332,
    "simulator_wall_clock_ms_mean": 450.98459187619636,
    "simulator_wall_clock_ms_std": 12.221964383547332,
    "trust_semantics": "active"
  }
}