{
  "static": {
    "2": {
      "utility_mean": 0.22165373172916775,
      "utility_std": 0.016973914644095728,
      "rate_bps_mean_mean": 1552598.4272778446,
      "rate_bps_mean_std": 226001.0725533287,
      "rate_bps_total_mean": 62103937.09111379,
      "rate_bps_total_std": 9040042.902133148,
      "p_d_mean_mean": 0.0013330394817020715,
      "p_d_mean_std": 0.00011949852900092542,
      "trust_mean": 1.0,
      "trust_std": 0.0,
      "eps_dt_mean": 0.10000000000000002,
      "eps_dt_std": 0.0,
      "energy_norm_mean": 1.0,
      "energy_norm_std": 0.0,
      "accuracy_mean_mean": 0.028104809224170225,
      "accuracy_mean_std": 0.018761067430141977,
      "latency_ms_mean": 9.901437275008599,
      "latency_ms_std": 0.04607149165470492
    },
    "5": {
      "utility_mean": 0.2658616641000637,
      "utility_std": 0.05666690072134378,
      "rate_bps_mean_mean": 1827597.8048492742,
      "rate_bps_mean_std": 452755.84202592657,
      "rate_bps_total_mean": 73103912.19397096,
      "rate_bps_total_std": 18110233.681037057,
      "p_d_mean_mean": 0.0012743962023561372,
      "p_d_mean_std": 1.5123702452021705e-05,
      "trust_mean": 1.0,
      "trust_std": 0.0,
      "eps_dt_mean": 0.10000000000000002,
      "eps_dt_std": 0.0,
      "energy_norm_mean": 1.0,
      "energy_norm_std": 0.0,
      "accuracy_mean_mean": 0.01881484774192467,
      "accuracy_mean_std": 0.005086481329124901,
      "latency_ms_mean": 9.953380966658187,
      "latency_ms_std": 0.2737978833768775
    },
    "10": {
      "utility_mean": 0.2612585405307893,
      "utility_std": 0.007156856623161817,
      "rate_bps_mean_mean": 1558105.560678412,
      "rate_bps_mean_std": 14464.388400076772,
      "rate_bps_total_mean": 62324222.42713649,
      "rate_bps_total_std": 578575.5360030755,
      "p_d_mean_mean": 0.00380081620177711,
      "p_d_mean_std": 0.002341780151594925,
      "trust_mean": 1.0,
      "trust_std": 0.0,
      "eps_dt_mean": 0.10000000000000002,
      "eps_dt_std": 0.0,
      "energy_norm_mean": 1.0,
      "energy_norm_std": 0.0,
      "accuracy_mean_mean": 0.11743846189052545,
      "accuracy_mean_std": 0.07287867240186557,
      "latency_ms_mean": 9.990249791671127,
      "latency_ms_std": 0.08041830833083896
    },
    "15": {
      "utility_mean": 0.2567698959552091,
      "utility_std": 0.04674264491274674,
      "rate_bps_mean_mean": 1310786.8287101923,
      "rate_bps_mean_std": 100009.34252586088,
      "rate_bps_total_mean": 52431473.1484077,
      "rate_bps_total_std": 4000373.701034434,
      "p_d_mean_mean": 0.0023464729451060473,
      "p_d_mean_std": 0.00047309579108041427,
      "trust_mean": 1.0,
      "trust_std": 0.0,
      "eps_dt_mean": 0.10000000000000002,
      "eps_dt_std": 0.0,
      "energy_norm_mean": 1.0,
      "energy_norm_std": 0.0,
      "accuracy_mean_mean": 0.10126042662451079,
      "accuracy_mean_std": 0.01102839112458373,
      "latency_ms_mean": 30.97383574167149,
      "latency_ms_std": 0.6399475583369476
    },
    "20": {
      "utility_mean": 0.29028965709271676,
      "utility_std": 0.08930563897977431,
      "rate_bps_mean_mean": 1933834.7865412894,
      "rate_bps_mean_std": 608710.883915444,
      "rate_bps_total_mean": 77353391.46165158,
      "rate_bps_total_std": 24348435.35661776,
      "p_d_mean_mean": 0.003504016000296033,
      "p_d_mean_std": 0.0014879346756580245,
      "trust_mean": 1.0,
      "trust_std": 0.0,
      "eps_dt_mean": 0.10000000000000002,
      "eps_dt_std": 0.0,
      "energy_norm_mean": 1.0,
      "energy_norm_std": 0.0,
      "accuracy_mean_mean": 0.1093234829668917,
      "accuracy_mean_std": 0.038528362432023205,
      "latency_ms_mean": 31.37576763335801,
      "latency_ms_std": 0.001889033319457667
    }
  },
  "dt_only": {
    "2": {
      "utility_mean": 0.2512059717199569,
      "utility_std": 0.009381346277646627,
      "rate_bps_mean_mean": 1385352.4504886395,
      "rate_bps_mean_std": 67763.50386295759,
      "rate_bps_total_mean": 55414098.019545585,
      "rate_bps_total_std": 2710540.15451831,
      "p_d_mean_mean": 0.0017680120123531448,
      "p_d_mean_std": 0.0002359040872088686,
      "trust_mean": 0.3425304744364375,
      "trust_std": 0.06461824122287818,
      "eps_dt_mean": 0.03517712388376061,
      "eps_dt_std": 0.0006298239641776802,
      "energy_norm_mean": 0.9882722905856236,
      "energy_norm_std": 0.0006709809860820926,
      "accuracy_mean_mean": 0.07405635481003818,
      "accuracy_mean_std": 0.026336627357726884,
      "latency_ms_mean": 40.76634498333457,
      "latency_ms_std": 0.08501748333931758
    },
    "5": {
      "utility_mean": 0.22939048232604306,
      "utility_std": 0.06924204769561433,
      "rate_bps_mean_mean": 1507174.3617383754,
      "rate_bps_mean_std": 321530.19747776014,
      "rate_bps_total_mean": 60286974.469535,
      "rate_bps_total_std": 12861207.899110407,
      "p_d_mean_mean": 0.0012814640921203742,
      "p_d_mean_std": 9.611625039124055e-05,
      "trust_mean": 0.24982207260034783,
      "trust_std": 0.09599639111590041,
      "eps_dt_mean": 0.0019445051875101658,
      "eps_dt_std": 3.8689482665628665e-05,
      "energy_norm_mean": 0.9879079312438477,
      "energy_norm_std": 0.0015419378622555935,
      "accuracy_mean_mean": 0.025361080345356647,
      "accuracy_mean_std": 0.013804372987905184,
      "latency_ms_mean": 45.45136817502756,
      "latency_ms_std": 1.007220774988582
    },
    "10": {
      "utility_mean": 0.26519063840590723,
      "utility_std": 0.0008450044108193333,
      "rate_bps_mean_mean": 1339891.5364200957,
      "rate_bps_mean_std": 42704.33079871454,
      "rate_bps_total_mean": 53595661.45680383,
      "rate_bps_total_std": 1708173.2319485694,
      "p_d_mean_mean": 0.0041087917626202956,
      "p_d_mean_std": 0.0024452215294244227,
      "trust_mean": 0.3756259901316586,
      "trust_std": 0.06601127707822929,
      "eps_dt_mean": 0.028605043917677108,
      "eps_dt_std": 0.006598597121947165,
      "energy_norm_mean": 0.9884309042084122,
      "energy_norm_std": 0.0009005006173929964,
      "accuracy_mean_mean": 0.13974575052113167,
      "accuracy_mean_std": 0.057292715457621296,
      "latency_ms_mean": 48.50590383333989,
      "latency_ms_std": 0.8423436166898064
    },
    "15": {
      "utility_mean": 0.2674346869774586,
      "utility_std": 0.003399171261301015,
      "rate_bps_mean_mean": 1186793.4342349903,
      "rate_bps_mean_std": 164553.84091862408,
      "rate_bps_total_mean": 47471737.369399615,
      "rate_bps_total_std": 6582153.636744957,
      "p_d_mean_mean": 0.0033381095479556116,
      "p_d_mean_std": 0.000966044334274936,
      "trust_mean": 0.3766222731782892,
      "trust_std": 0.08216048554852726,
      "eps_dt_mean": 0.019926867462607065,
      "eps_dt_std": 0.017927088397152173,
      "energy_norm_mean": 0.9883260250160092,
      "energy_norm_std": 0.0004774437424675537,
      "accuracy_mean_mean": 0.14491351406912442,
      "accuracy_mean_std": 0.013999152500512577,
      "latency_ms_mean": 165.15544680832667,
      "latency_ms_std": 1.2378619083430493
    },
    "20": {
      "utility_mean": 0.24282106750538537,
      "utility_std": 0.03103782932000136,
      "rate_bps_mean_mean": 1798367.1912479852,
      "rate_bps_mean_std": 347701.9990794873,
      "rate_bps_total_mean": 71934687.64991942,
      "rate_bps_total_std": 13908079.963179484,
      "p_d_mean_mean": 0.004358714869100567,
      "p_d_mean_std": 0.002264965343144025,
      "trust_mean": 0.14281980412915013,
      "trust_std": 0.07053936269956587,
      "eps_dt_mean": 0.061336352798512135,
      "eps_dt_std": 0.02109363861542065,
      "energy_norm_mean": 0.9914062975901559,
      "energy_norm_std": 0.0012065037944898327,
      "accuracy_mean_mean": 0.12617572184547785,
      "accuracy_mean_std": 0.056249887209522766,
      "latency_ms_mean": 174.92266564166434,
      "latency_ms_std": 5.272972241649157
    }
  },
  "full": {
    "2": {
      "utility_mean": 0.2723754379035422,