{
  "static": {
    "10": {
      "utility_mean": 0.5186609237518076,
      "utility_std": 0.021478887484825238,
      "rate_bps_mean_mean": 39150917.89267743,
      "rate_bps_mean_std": 28409330.847088315,
      "rate_bps_total_mean": 391509178.92677414,
      "rate_bps_total_std": 284093308.4708832,
      "p_d_mean_mean": 0.0050834778320158576,
      "p_d_mean_std": 0.0001591606449348284,
      "trust_mean": 1.0,
      "trust_std": 0.0,
      "eps_dt_mean": 0.09999999999999998,
      "eps_dt_std": 0.0,
      "energy_norm_mean": 1.0,
      "energy_norm_std": 0.0,
      "accuracy_mean_mean": 0.17288248118370672,
      "accuracy_mean_std": 0.020418654739475073,
      "latency_ms_mean": 12.80321171426684,
      "latency_ms_std": 0.04856342857887519
    },
    "20": {
      "utility_mean": 0.5234095812962019,
      "utility_std": 0.053839551390517965,
      "rate_bps_mean_mean": 7492094.569731028,
      "rate_bps_mean_std": 251104.50924197957,
      "rate_bps_total_mean": 149841891.3946205,
      "rate_bps_total_std": 5022090.1848395765,
      "p_d_mean_mean": 0.00217545939214664,
      "p_d_mean_std": 0.0004962534466892718,
      "trust_mean": 1.0,
      "trust_std": 0.0,
      "eps_dt_mean": 0.09999999999999998,
      "eps_dt_std": 0.0,
      "energy_norm_mean": 1.0,
      "energy_norm_std": 0.0,
      "accuracy_mean_mean": 0.09285590633950867,
      "accuracy_mean_std": 0.013545963458236325,
      "latency_ms_mean": 15.947044207132421,
      "latency_ms_std": 0.09325662141626267
    },
    "40": {
      "utility_mean": 0.22788993731023116,
      "utility_std": 0.02720105691341003,
      "rate_bps_mean_mean": 1525843.0182583972,
      "rate_bps_mean_std": 52195.553199823014,
      "rate_bps_total_mean": 61033720.73033589,
      "rate_bps_total_std": 2087822.1279929206,
      "p_d_mean_mean": 0.0034063037941949293,
      "p_d_mean_std": 0.0020008119711324808,
      "trust_mean": 1.0,
      "trust_std": 0.0,
      "eps_dt_mean": 0.09999999999999998,
      "eps_dt_std": 0.0,
      "energy_norm_mean": 1.0,
      "energy_norm_std": 0.0,
      "accuracy_mean_mean": 0.11007800972170248,
      "accuracy_mean_std": 0.07513795845493378,
      "latency_ms_mean": 10.03359051427911,
      "latency_ms_std": 0.07943914285013776
    },
    "60": {
      "utility_mean": 0.20220996534608487,
      "utility_std": 0.023108567566213406,
      "rate_bps_mean_mean": 668443.5365641792,
      "rate_bps_mean_std": 53382.85863454896,
      "rate_bps_total_mean": 40106612.19385075,
      "rate_bps_total_std": 3202971.518072944,
      "p_d_mean_mean": 0.0026146729214503893,
      "p_d_mean_std": 0.0006139361534829516,
      "trust_mean": 1.0,
      "trust_std": 0.0,
      "eps_dt_mean": 0.09999999999999998,
      "eps_dt_std": 0.0,
      "energy_norm_mean": 1.0,
      "energy_norm_std": 0.0,
      "accuracy_mean_mean": 0.14386534412574564,
      "accuracy_mean_std": 0.03376293847436317,
      "latency_ms_mean": 76.29369797140758,
      "latency_ms_std": 0.5939617856841153
    },
    "80": {
      "utility_mean": 0.16205945416434,
      "utility_std": 0.009522091102130384,
      "rate_bps_mean_mean": 437905.68398635613,
      "rate_bps_mean_std": 10786.416060323303,
      "rate_bps_total_mean": 35032454.71890849,
      "rate_bps_total_std": 862913.2848258652,
      "p_d_mean_mean": 0.0042041673955582354,
      "p_d_mean_std": 0.002381031026609957,
      "trust_mean": 1.0,
      "trust_std": 0.0,
      "eps_dt_mean": 0.09999999999999998,
      "eps_dt_std": 0.0,
      "energy_norm_mean": 1.0,
      "energy_norm_std": 0.0,
      "accuracy_mean_mean": 0.11058541095192552,
      "accuracy_mean_std": 0.03260197164921425,
      "latency_ms_mean": 102.13713587141748,
      "latency_ms_std": 0.7291852143063267
    }
  },
  "dt_only": {
    "10": {
      "utility_mean": 0.5061678032810998,
      "utility_std": 0.008123113156446954,
      "rate_bps_mean_mean": 31691655.61922275,
      "rate_bps_mean_std": 22082103.709157042,
      "rate_bps_total_mean": 316916556.1922274,
      "rate_bps_total_std": 220821037.0915704,
      "p_d_mean_mean": 0.004210971810480367,
      "p_d_mean_std": 5.6440837848027985e-05,
      "trust_mean": 0.18466673640704226,
      "trust_std": 0.023032701590388824,
      "eps_dt_mean": 0.014351205565390846,
      "eps_dt_std": 0.00942166465141638,
      "energy_norm_mean": 0.9890668805595165,
      "energy_norm_std": 0.004412733810374103,
      "accuracy_mean_mean": 0.129938744240987,
      "accuracy_mean_std": 0.001244343449578883,
      "latency_ms_mean": 99.90381363572851,
      "latency_ms_std": 18.57731277855237
    },
    "20": {
      "utility_mean": 0.5562267040455494,
      "utility_std": 0.0009593844108523597,
      "rate_bps_mean_mean": 7473889.99343832,
      "rate_bps_mean_std": 386645.51943875384,
      "rate_bps_total_mean": 149477799.8687664,
      "rate_bps_total_std": 7732910.38877508,
      "p_d_mean_mean": 0.0015988168478721495,
      "p_d_mean_std": 7.624481961351014e-05,
      "trust_mean": 0.3817519516268601,
      "trust_std": 0.02929872324388913,
      "eps_dt_mean": 0.013952011247232983,
      "eps_dt_std": 0.006023439217178324,
      "energy_norm_mean": 0.9930797873089393,
      "energy_norm_std": 0.001100351493096341,
      "accuracy_mean_mean": 0.06303306006980396,
      "accuracy_mean_std": 0.009605805488021639,
      "latency_ms_mean": 34.39951252857684,
      "latency_ms_std": 0.03928855714353574
    },
    "40": {
      "utility_mean": 0.22812676117778236,
      "utility_std": 0.033002418563091204,
      "rate_bps_mean_mean": 1295606.4791556888,
      "rate_bps_mean_std": 94366.46100057627,
      "rate_bps_total_mean": 51824259.16622755,
      "rate_bps_total_std": 3774658.440023061,
      "p_d_mean_mean": 0.004999486182488905,
      "p_d_mean_std": 0.00335759897939822,
      "trust_mean": 0.24127230216249593,
      "trust_std": 0.022473975253301706,
      "eps_dt_mean": 0.041759173694247156,
      "eps_dt_std": 0.002451053322663991,
      "energy_norm_mean": 0.9883330554317705,
      "energy_norm_std": 0.0002728401134934888,
      "accuracy_mean_mean": 0.13676367396380218,
      "accuracy_mean_std": 0.0735120821283673,
      "latency_ms_mean": 102.92561244999499,
      "latency_ms_std": 1.5806412642957284
    },
    "60": {
      "utility_mean": 0.17759661998549364,
      "utility_std": 0.0418818708593153,
      "rate_bps_mean_mean": 570189.5076174397,
      "rate_bps_mean_std": 74554.89292678374,
      "rate_bps_total_mean": 34211370.45704639,
      "rate_bps_total_std": 4473293.575607032,
      "p_d_mean_mean": 0.005123616715149738,
      "p_d_mean_std": 0.002811577382291802,
      "trust_mean": 0.2543259755010164,
      "trust_std": 0.17787977072942468,
      "eps_dt_mean": 0.03351625202698384,
      "eps_dt_std": 0.027317954711983915,
      "energy_norm_mean": 0.9886654503672576,
      "energy_norm_std": 0.0014809371677408367,
      "accuracy_mean_mean": 0.18271461170081085,
      "accuracy_mean_std": 0.04523619107700677,
      "latency_ms_mean": 470.75970980001136,
      "latency_ms_std": 7.786454442849134
    }
  },
  "full": {
    "10": {
      "utility_mean": 0.4992032089814727,
      "utility_std": 0.02329246859862083,
      "rate_bps_mean_mean": 38311940.671354555,
      "rate_bps_mean_std": 27919252.875956364,
      "rate_bps_total_mean": 383119406.7135455,
      "rate_bps_total_std": 279192528.7595637,
      "p_d_mean_mean": 0.004518030362947618,
      "p_d_mean_std": 0.0005828013816849445,
      "trust_mean": 0.16985085831365793,
      "trust_std": 0.09574528099159757,
      "eps_dt_mean": 0.040730761203306265,
      "eps_dt_std": 0.013759991510182274,
      "energy_norm_mean": 0.9987112280050523,
      "energy_norm_std": 0.0012887719949476462,
      "accuracy_mean_mean": 0.16396287601824386,
      "accuracy_mean_std": 0.019631430459325278,
      "latency_ms_mean": 35.8328813214257,
      "latency_ms_std": 1.059282621408137
    },
    "20": {
      "utility_mean": 0.49331760462721336,