{
  "1": {
    "utility_mean": 0.23330596864422082,
    "utility_std": 0.005389828385790926,
    "rate_bps_mean_mean": 1491193.8659882632,
    "rate_bps_mean_std": 144090.98986430035,
    "rate_bps_total_mean": 59647754.639530525,
    "rate_bps_total_std": 5763639.594572023,
    "p_d_mean_mean": 0.0031309929366914457,
    "p_d_mean_std": 0.0015238610138684397,
    "trust_mean": 0.22788453879631998,
    "trust_std": 0.054773995660256355,
    "eps_dt_mean": 0.024173337511134457,
    "eps_dt_std": 0.022320370922178243,
    "energy_norm_mean": 0.9967978866156979,
    "energy_norm_std": 0.002041628843603427,
    "accuracy_mean_mean": 0.10438891081770883,
    "accuracy_mean_std": 0.04510633605774228,
    "latency_ms_mean": 20.93077053000229,
    "latency_ms_std": 0.053272789995162384
  },
  "2": {
    "utility_mean": 0.2309868082405925,
    "utility_std": 0.012066475028819981,
    "rate_bps_mean_mean": 1553625.2349106795,
    "rate_bps_mean_std": 126799.51181525795,
    "rate_bps_total_mean": 62145009.39642718,
    "rate_bps_total_std": 5071980.472610321,
    "p_d_mean_mean": 0.004170596277047004,
    "p_d_mean_std": 0.002576787334427927,
    "trust_mean": 0.17401050875414056,
    "trust_std": 0.03977226735509548,
    "eps_dt_mean": 0.05287813448658255,
    "eps_dt_std": 0.015876294220577052,
    "energy_norm_mean": 0.9984562912203842,
    "energy_norm_std": 0.0004070172383713877,
    "accuracy_mean_mean": 0.11909759366590084,
    "accuracy_mean_std": 0.06499495072699532,
    "latency_ms_mean": 20.50139526499379,
    "latency_ms_std": 0.2635815849998835
  },
  "4": {
    "utility_mean": 0.22080898854060194,
    "utility_std": 0.007625921721603909,
    "rate_bps_mean_mean": 1421450.1250950058,
    "rate_bps_mean_std": 25684.082338774344,
    "rate_bps_total_mean": 56858005.00380024,
    "rate_bps_total_std": 1027363.2935509719,
    "p_d_mean_mean": 0.003562754504652071,
    "p_d_mean_std": 0.0020658221020627564,
    "trust_mean": 0.2229628329902764,
    "trust_std": 0.008181668148226767,
    "eps_dt_mean": 0.04420146552464493,
    "eps_dt_std": 0.0012172378850221176,
    "energy_norm_mean": 0.9974372148053824,
    "energy_norm_std": 0.0008479838239044413,
    "accuracy_mean_mean": 0.11079503502251949,
    "accuracy_mean_std": 0.05936668289953427,
    "latency_ms_mean": 22.194716919999564,
    "latency_ms_std": 0.29315053999994234
  },
  "6": {
    "utility_mean": 0.24076659137813283,
    "utility_std": 0.011789633714360412,
    "rate_bps_mean_mean": 1538579.3484424562,
    "rate_bps_mean_std": 3818.397156498395,
    "rate_bps_total_mean": 61543173.93769823,
    "rate_bps_total_std": 152735.88625992835,
    "p_d_mean_mean": 0.0036232187314795567,
    "p_d_mean_std": 0.002098777178849689,
    "trust_mean": 0.2168479840409111,
    "trust_std": 0.0034245606858809424,
    "eps_dt_mean": 0.04209998038643253,
    "eps_dt_std": 0.01385949316811292,
    "energy_norm_mean": 0.998161997481033,
    "energy_norm_std": 0.0004505431318129749,
    "accuracy_mean_mean": 0.11786886565977797,
    "accuracy_mean_std": 0.0681022606792172,
    "latency_ms_mean": 24.05020590999584,
    "latency_ms_std": 0.966177439997864
  },
  "8": {
    "utility_mean": 0.23911124288298116,
    "utility_std": 0.038361381688062066,
    "rate_bps_mean_mean": 1358797.1429078144,
    "rate_bps_mean_std": 15141.852644107537,
    "rate_bps_total_mean": 54351885.71631259,
    "rate_bps_total_std": 605674.1057642922,
    "p_d_mean_mean": 0.003523638238262336,
    "p_d_mean_std": 0.002025302430604366,
    "trust_mean": 0.24043230684054284,
    "trust_std": 0.08551611150811535,
    "eps_dt_mean": 0.04389169973017992,
    "eps_dt_std": 0.02653006236825972,
    "energy_norm_mean": 0.9973355678748952,
    "energy_norm_std": 0.0012366830484121238,
    "accuracy_mean_mean": 0.11255644462465222,
    "accuracy_mean_std": 0.06051508945152895,
    "latency_ms_mean": 24.95764648499403,
    "latency_ms_std": 0.3551900849959111
  },
  "10": {
    "utility_mean": 0.2607516401383488,
    "utility_std": 0.0491900096441959,
    "rate_bps_mean_mean": 1311119.5368261521,
    "rate_bps_mean_std": 77647.57814846991,
    "rate_bps_total_mean": 52444781.473046094,
    "rate_bps_total_std": 3105903.125938792,
    "p_d_mean_mean": 0.005001424976478426,
    "p_d_mean_std": 0.0034667912247297434,
    "trust_mean": 0.3278456455172206,
    "trust_std": 0.13608831248214232,
    "eps_dt_mean": 0.031014690565640404,
    "eps_dt_std": 0.02313290087205822,
    "energy_norm_mean": 0.9951193808841569,
    "energy_norm_std": 0.003059812928940031,
    "accuracy_mean_mean": 0.12228132320755147,
    "accuracy_mean_std": 0.06893176818940126,
    "latency_ms_mean": 26.03497300000072,
    "latency_ms_std": 0.4127369499951783
  },
  "12": {
    "utility_mean": 0.26006255211085916,
    "utility_std": 0.0396983395682253,
    "rate_bps_mean_mean": 1392189.1421985573,
    "rate_bps_mean_std": 6360.138059315039,
    "rate_bps_total_mean": 55687565.68794229,
    "rate_bps_total_std": 254405.52237260342,
    "p_d_mean_mean": 0.004681524957207711,
    "p_d_mean_std": 0.00318837960425803,
    "trust_mean": 0.29624220740656,
    "trust_std": 0.058491423175436194,
    "eps_dt_mean": 0.04086013349758157,
    "eps_dt_std": 0.01410923053127366,
    "energy_norm_mean": 0.9961396037265772,
    "energy_norm_std": 0.0010811840422304542,
    "accuracy_mean_mean": 0.1338225551277909,
    "accuracy_mean_std": 0.08437603233317545,
    "latency_ms_mean": 27.11227854500521,
    "latency_ms_std": 0.2067749550019471
  },
  "15": {
    "utility_mean": 0.2438626081084273,
    "utility_std": 0.029544152531289627,
    "rate_bps_mean_mean": 1428228.3900491626,
    "rate_bps_mean_std": 126654.70373643504,
    "rate_bps_total_mean": 57129135.60196649,
    "rate_bps_total_std": 5066188.1494574025,
    "p_d_mean_mean": 0.004227681925574135,
    "p_d_mean_std": 0.0026777924842284967,
    "trust_mean": 0.28079944745361557,
    "trust_std": 0.04891030181858315,
    "eps_dt_mean": 0.036984644888169965,
    "eps_dt_std": 0.019054826598266482,
    "energy_norm_mean": 0.9975449426454829,
    "energy_norm_std": 0.0008691920726080493,
    "accuracy_mean_mean": 0.12248207018699371,
    "accuracy_mean_std": 0.06952378648294075,
    "latency_ms_mean": 29.023734015004266,
    "latency_ms_std": 0.036615965002511075
  },
  "20": {
    "utility_mean": 0.28068831652656306,
    "utility_std": 0.03406928854807717,
    "rate_bps_mean_mean": 1370397.0796425089,
    "rate_bps_mean_std": 69153.62945431832,
    "rate_bps_total_mean": 54815883.18570036,
    "rate_bps_total_std": 2766145.178172726,
    "p_d_mean_mean": 0.003916804923353383,
    "p_d_mean_std": 0.0023195044752035757,
    "trust_mean": 0.35947351373976894,
    "trust_std": 0.08707925436915842,
    "eps_dt_mean": 0.023626732751678984,
    "eps_dt_std": 0.015277562712244844,
    "energy_norm_mean": 0.9961427959733933,
    "energy_norm_std": 0.0009199930043803373,
    "accuracy_mean_mean": 0.13471504055248398,
    "accuracy_mean_std": 0.06910057332039991,
    "latency_ms_mean": 32.17107577999968,
    "latency_ms_std": 0.5465211000023373
  },
  "30": {
    "utility_mean": 0.20250784799484622,
    "utility_std": 0.008964987114776155,
    "rate_bps_mean_mean": 1392617.8033358776,
    "rate_bps_mean_std": 80174.11027733772,
    "rate_bps_total_mean": 55704712.13343511,
    "rate_bps_total_std": 3206964.4110935144,
    "p_d_mean_mean": 0.003479950522462974,
    "p_d_mean_std": 0.001868640232214389,
    "trust_mean": 0.15934867783299148,
    "trust_std": 0.005627807606802884,
    "eps_dt_mean": 0.03990877935526172,
    "eps_dt_std": 0.02001874306714843,
    "energy_norm_mean": 0.9993154643757576,
    "energy_norm_std": 0.0006845356242423661,
    "accuracy_mean_mean": 0.10752982559590346,
    "accuracy_mean_std": 0.04819297177679018,
    "latency_ms_mean": 37.692360525010145,
    "latency_ms_std": 0.04547553499946844
  }
}