{
  "dt_only": {
    "1": {
      "utility_mean": 0.22063166272474055,
      "utility_std": 0.02935267338002763,
      "rate_bps_mean_mean": 1374723.6322140268,
      "rate_bps_mean_std": 109624.62567471317,
      "rate_bps_total_mean": 54988945.288561076,
      "rate_bps_total_std": 4384985.026988544,
      "p_d_mean_mean": 0.00460575445620573,
      "p_d_mean_std": 0.00296675586615454,
      "trust_mean": 0.2106984396823914,
      "trust_std": 0.007973407713392042,
      "eps_dt_mean": 0.025314476160637898,
      "eps_dt_std": 0.005328954330311993,
      "energy_norm_mean": 0.9891899686150691,
      "energy_norm_std": 0.0002602797480529828,
      "accuracy_mean_mean": 0.1378644433917361,
      "accuracy_mean_std": 0.07352216079447872,
      "latency_ms_mean": 49.47039727499828,
      "latency_ms_std": 0.1358650949953244,
      "simulator_wall_clock_ms_mean": 49.47039727499828,
      "simulator_wall_clock_ms_std": 0.1358650949953244,
      "trust_semantics": "active"
    },
    "2": {
      "utility_mean": 0.21937994823268295,
      "utility_std": 0.030746032909126517,
      "rate_bps_mean_mean": 1363138.8897959997,
      "rate_bps_mean_std": 131077.3471620772,
      "rate_bps_total_mean": 54525555.59183999,
      "rate_bps_total_std": 5243093.886483084,
      "p_d_mean_mean": 0.004557808115323096,
      "p_d_mean_std": 0.0029182230711951715,
      "trust_mean": 0.20291916936482035,
      "trust_std": 0.005750272357408076,
      "eps_dt_mean": 0.03999396444874631,
      "eps_dt_std": 0.008441625937047982,
      "energy_norm_mean": 0.988832305274348,
      "energy_norm_std": 0.0006397677933649426,
      "accuracy_mean_mean": 0.13493051763066322,
      "accuracy_mean_std": 0.07058823503340585,
      "latency_ms_mean": 47.22205129499912,
      "latency_ms_std": 0.5583637849883871,
      "simulator_wall_clock_ms_mean": 47.22205129499912,
      "simulator_wall_clock_ms_std": 0.5583637849883871,
      "trust_semantics": "active"
    },
    "4": {
      "utility_mean": 0.21776743905679233,
      "utility_std": 0.03198551526570069,
      "rate_bps_mean_mean": 1345014.3447137307,
      "rate_bps_mean_std": 144398.0657756736,
      "rate_bps_total_mean": 53800573.788549215,
      "rate_bps_total_std": 5775922.631026939,
      "p_d_mean_mean": 0.004572402850283112,
      "p_d_mean_std": 0.0029499691826980626,
      "trust_mean": 0.18824778239362694,
      "trust_std": 0.0025815965899504967,
      "eps_dt_mean": 0.07025822774254384,
      "eps_dt_std": 0.014725262027426494,
      "energy_norm_mean": 0.9889744993626394,
      "energy_norm_std": 0.0006542738022746186,
      "accuracy_mean_mean": 0.13367257419089046,
      "accuracy_mean_std": 0.07197706808778075,
      "latency_ms_mean": 47.36605809500816,
      "latency_ms_std": 0.30195729499610025,
      "simulator_wall_clock_ms_mean": 47.36605809500816,
      "simulator_wall_clock_ms_std": 0.30195729499610025,
      "trust_semantics": "active"
    },
    "6": {
      "utility_mean": 0.21712878453705783,
      "utility_std": 0.03281445318444168,
      "rate_bps_mean_mean": 1335618.1817048334,
      "rate_bps_mean_std": 153791.50739123137,
      "rate_bps_total_mean": 53424727.26819334,
      "rate_bps_total_std": 6151660.295649253,
      "p_d_mean_mean": 0.004594039328593461,
      "p_d_mean_std": 0.002965129917541917,
      "trust_mean": 0.17327195754091165,
      "trust_std": 0.0016567906728567894,
      "eps_dt_mean": 0.10067289290343971,
      "eps_dt_std": 0.02089826695752102,
      "energy_norm_mean": 0.9894110795565045,
      "energy_norm_std": 0.0004912268385389162,
      "accuracy_mean_mean": 0.13494592397645622,
      "accuracy_mean_std": 0.07273572103443088,
      "latency_ms_mean": 47.96681047000561,
      "latency_ms_std": 0.7338829000002534,
      "simulator_wall_clock_ms_mean": 47.96681047000561,
      "simulator_wall_clock_ms_std": 0.7338829000002534,
      "trust_semantics": "active"
    },
    "8": {
      "utility_mean": 0.2166576531495596,
      "utility_std": 0.0340828476211846,
      "rate_bps_mean_mean": 1325924.4523718944,
      "rate_bps_mean_std": 166423.07500993996,
      "rate_bps_total_mean": 53036978.094875775,
      "rate_bps_total_std": 6656923.000397608,
      "p_d_mean_mean": 0.004770111496971627,
      "p_d_mean_std": 0.0031421730442679112,
      "trust_mean": 0.15787054415527663,
      "trust_std": 0.00918942122084053,
      "eps_dt_mean": 0.13152319312655666,
      "eps_dt_std": 0.027420675270554883,
      "energy_norm_mean": 0.9890746370496143,
      "energy_norm_std": 0.0006725327157178773,
      "accuracy_mean_mean": 0.13693783829428777,
      "accuracy_mean_std": 0.0744679766737451,
      "latency_ms_mean": 46.97009117499647,
      "latency_ms_std": 0.018141004998142307,
      "simulator_wall_clock_ms_mean": 46.97009117499647,
      "simulator_wall_clock_ms_std": 0.018141004998142307,
      "trust_semantics": "active"
    },
    "10": {
      "utility_mean": 0.21337778230933316,
      "utility_std": 0.03376757179415238,
      "rate_bps_mean_mean": 1289856.354959763,
      "rate_bps_mean_std": 167084.39387801464,
      "rate_bps_total_mean": 51594254.19839052,
      "rate_bps_total_std": 6683375.755120587,
      "p_d_mean_mean": 0.004572846935197984,
      "p_d_mean_std": 0.0029420628459356697,
      "trust_mean": 0.14454772120191803,
      "trust_std": 0.016733523421836316,
      "eps_dt_mean": 0.16241865504567043,
      "eps_dt_std": 0.0339720765304187,
      "energy_norm_mean": 0.9892877021628638,
      "energy_norm_std": 7.200917347321978e-05,
      "accuracy_mean_mean": 0.1341244306708572,
      "accuracy_mean_std": 0.07220040045246225,
      "latency_ms_mean": 48.31695063998836,
      "latency_ms_std": 0.19286876999444758,
      "simulator_wall_clock_ms_mean": 48.31695063998836,
      "simulator_wall_clock_ms_std": 0.19286876999444758,
      "trust_semantics": "active"
    }
  },
  "dt_qa": {
    "1": {
      "utility_mean": 0.2461104908670662,
      "utility_std": 0.03945473738047493,
      "rate_bps_mean_mean": 1193699.037242084,
      "rate_bps_mean_std": 10635.508219034062,
      "rate_bps_total_mean": 47747961.48968336,
      "rate_bps_total_std": 425420.3287613727,
      "p_d_mean_mean": 0.004823186562622352,
      "p_d_mean_std": 0.003276545739577293,
      "trust_mean": 1.0,
      "trust_std": 0.0,
      "eps_dt_mean": 0.025883398394944926,
      "eps_dt_std": 0.009413932154842264,
      "energy_norm_mean": 0.9832124331916412,
      "energy_norm_std": 0.0016133505749368893,
      "accuracy_mean_mean": 0.13889698021326308,
      "accuracy_mean_std": 0.0846205395615005,
      "latency_ms_mean": 26.975534214993786,
      "latency_ms_std": 0.45866851500022676,
      "simulator_wall_clock_ms_mean": 26.975534214993786,
      "simulator_wall_clock_ms_std": 0.45866851500022676,
      "trust_semantics": "nominal_default"
    },
    "2": {
      "utility_mean": 0.24551792038312206,
      "utility_std": 0.04034828309145767,
      "rate_bps_mean_mean": 1188751.7987084168,
      "rate_bps_mean_std": 998.3636310857255,
      "rate_bps_total_mean": 47550071.94833666,
      "rate_bps_total_std": 39934.54524343461,
      "p_d_mean_mean": 0.004805663600793471,
      "p_d_mean_std": 0.0032566374073079384,
      "trust_mean": 1.0,
      "trust_std": 0.0,
      "eps_dt_mean": 0.04086013349758157,
      "eps_dt_std": 0.01410923053127366,
      "energy_norm_mean": 0.9829810877432501,
      "energy_norm_std": 0.0013533154738156195,
      "accuracy_mean_mean": 0.13709054843859106,
      "accuracy_mean_std": 0.08455739766894878,
      "latency_ms_mean": 27.15852606500107,
      "latency_ms_std": 0.05027346499105079,
      "simulator_wall_clock_ms_mean": 27.15852606500107,
      "simulator_wall_clock_ms_std": 0.05027346499105079,
      "trust_semantics": "nominal_default"
    },
    "4": {
      "utility_mean": 0.24450460444975544,
      "utility_std": 0.04304746864751481,
      "rate_bps_mean_mean": 1179998.166325391,
      "rate_bps_mean_std": 39407.16001655813,